Year,Cell Phones (millions),Population (millions),Cell Phones per 100 people,Expected Cell Phones per 100 people,Valid
2000,120,6000,2.0,2.0,True
2005,250,6500,3.8461538461538463,3.85,True
2010,450,7000,6.428571428571428,6.43,True
2015,700,7500,9.333333333333334,9.33,True
2020,900,8000,11.25,11.25,True
